{
    "name": "Adafruit PCD8544 Nokia 5110 LCD library",
    "keywords": "5110, lcd, pcd8544",
    "description": "Espressif ESP8266 port of the Adafruit PCD8544 library",
    "repository":
    {
        "type": "git",
        "url": "https://github.com/WereCatf/Adafruit-PCD8544-Nokia-5110-LCD-library.git",
        "branch": "esp8266"
    },
    "dependencies":
    {
      "name": "Adafruit GFX Library",
      "frameworks": "arduino"
    },
    "frameworks": "arduino",
    "platforms": "espressif"
}
